{
  "total_return_pct": 1.0663023803634348,
  "annualized_return_pct": 472.67765813796353,
  "step_returns_mean": 0.019677908507918944,
  "step_returns_std": 0.07037501874496509,
  "sharpe_ratio": 5.342036426350394,
  "sortino_ratio": 15.968882775844333,
  "calmar_ratio": 1533.3667832674146,
  "max_drawdown_pct": 0.30826131304175597,
  "max_drawdown_duration": 23,
  "var_95": -0.07127685011412462,
  "cvar_95": -0.07655505579060108,
  "total_trades": 331,
  "win_rate": 0.7532467532467533,
  "profit_factor": 12.404438562360545,
  "avg_win_pct": 1.0384846284174638,
  "avg_loss_pct": -0.3010274029902263,
  "max_consecutive_losses": 0,
  "total_fees_paid": 339.4310402616549,
  "fees_as_pct_of_pnl": 0.0,
  "episodes_evaluated": 1,
  "episodes_profitable": 1,
  "avg_episode_return": 1.0663023803634348
}