{
  "total_return_pct": 0.544167457641343,
  "annualized_return_pct": 38.967615883052616,
  "step_returns_mean": 0.011603795915963338,
  "step_returns_std": 0.051011249667503894,
  "sharpe_ratio": 4.345908220397571,
  "sortino_ratio": 11.025539075205188,
  "calmar_ratio": 253.913052890712,
  "max_drawdown_pct": 0.1534683444353432,
  "max_drawdown_duration": 26,
  "var_95": -0.03909150126175759,
  "cvar_95": -0.05497972701985423,
  "total_trades": 36,
  "win_rate": 0.4444444444444444,
  "profit_factor": 4.969026547881048,
  "avg_win_pct": 0.5547659871502719,
  "avg_loss_pct": -0.050450573163007974,
  "max_consecutive_losses": 0,
  "total_fees_paid": 630.1740538791406,
  "fees_as_pct_of_pnl": 0.0,
  "episodes_evaluated": 1,
  "episodes_profitable": 1,
  "avg_episode_return": 0.544167457641343
}