{
  "total_return_pct": 1.0262559680266121,
  "annualized_return_pct": 400.1764183075978,
  "step_returns_mean": 0.018416880994565833,
  "step_returns_std": 0.05523807382139172,
  "sharpe_ratio": 6.369773462062495,
  "sortino_ratio": 12.16023643967887,
  "calmar_ratio": 2005.9973330241198,
  "max_drawdown_pct": 0.1994900050558474,
  "max_drawdown_duration": 17,
  "var_95": -0.03131815795136262,
  "cvar_95": -0.07215595495345284,
  "total_trades": 331,
  "win_rate": 0.5067567567567568,
  "profit_factor": 3.339411826181774,
  "avg_win_pct": 0.6043159751443576,
  "avg_loss_pct": -0.233224471561969,
  "max_consecutive_losses": 0,
  "total_fees_paid": 452.207533533999,
  "fees_as_pct_of_pnl": 0.0,
  "episodes_evaluated": 1,
  "episodes_profitable": 1,
  "avg_episode_return": 1.0262559680266121
}