{
  "total_return_pct": -0.1092560507430814,
  "annualized_return_pct": -0.6254724612675128,
  "step_returns_mean": -0.0021716346891396763,
  "step_returns_std": 0.033770537653359994,
  "sharpe_ratio": -1.228556761042165,
  "sortino_ratio": -1.47431866492829,
  "calmar_ratio": -2.7633395169348596,
  "max_drawdown_pct": 0.22634658432596905,
  "max_drawdown_duration": 30,
  "var_95": -0.05067559960936297,
  "cvar_95": -0.07672269480635337,
  "total_trades": 61,
  "win_rate": 0.5333333333333333,
  "profit_factor": 2.9298326059173982,
  "avg_win_pct": 0.5325680909491728,
  "avg_loss_pct": -0.08405929132754461,
  "max_consecutive_losses": 0,
  "total_fees_paid": 440.70769875505476,
  "fees_as_pct_of_pnl": 0.0,
  "episodes_evaluated": 1,
  "episodes_profitable": 0,
  "avg_episode_return": -0.1092560507430814
}