{
  "total_return_pct": 0.9582319735847428,
  "annualized_return_pct": 299.22814193305527,
  "step_returns_mean": 0.017423878498555166,
  "step_returns_std": 0.05297273504955209,
  "sharpe_ratio": 6.284038956485791,
  "sortino_ratio": 18.377766073371777,
  "calmar_ratio": 3036.6271913949104,
  "max_drawdown_pct": 0.0985396371597195,
  "max_drawdown_duration": 22,
  "var_95": -0.03795210323391547,
  "cvar_95": -0.04899705691857112,
  "total_trades": 44,
  "win_rate": 0.5,
  "profit_factor": 5.965113608281956,
  "avg_win_pct": 0.6500363291906208,
  "avg_loss_pct": -0.0528495073584704,
  "max_consecutive_losses": 0,
  "total_fees_paid": 953.2029281599719,
  "fees_as_pct_of_pnl": 0.0,
  "episodes_evaluated": 1,
  "episodes_profitable": 1,
  "avg_episode_return": 0.9582319735847428
}