{
  "total_return_pct": 0.1392114096886171,
  "annualized_return_pct": 2.023281460126826,
  "step_returns_mean": 0.0034247943806223593,
  "step_returns_std": 0.025329225663178735,
  "sharpe_ratio": 2.5832058737946895,
  "sortino_ratio": 3.4680340379085073,
  "calmar_ratio": 15.16594709353248,
  "max_drawdown_pct": 0.13340950262664833,
  "max_drawdown_duration": 26,
  "var_95": -0.03436783804096742,
  "cvar_95": -0.04806596378696878,
  "total_trades": 38,
  "win_rate": 0.42105263157894735,
  "profit_factor": 2.5907505773604016,
  "avg_win_pct": 0.384023212546467,
  "avg_loss_pct": -0.06402758017270667,
  "max_consecutive_losses": 0,
  "total_fees_paid": 432.25543344495514,
  "fees_as_pct_of_pnl": 0.0,
  "episodes_evaluated": 1,
  "episodes_profitable": 1,
  "avg_episode_return": 0.1392114096886171
}