{
  "champion": null,
  "configs": {
    "ppo-event-rd-df943bf": {
      "n": 4,
      "seeds": [
        0,
        1,
        2,
        3
      ],
      "mean_return": -0.07611222633573125,
      "mean_maxdd": 0.13886390197997267,
      "mean_sharpe": -3.5080650549673917,
      "mean_pf": 0.40462272071213384,
      "worst_maxdd": 0.21580620121465363,
      "timesteps": 1000000,
      "git": "df943bf",
      "split": "val",
      "baseline": -0.046457194663900525,
      "buyhold": 0.274780701372191,
      "random": -0.0706383389595062,
      "reproduce": "python scripts/train_rl.py --action-mode discrete --reward-mode relative --eval-split val --timesteps 1000000 --n-envs 8 --gb-lambda None --turn-lambda None --realized-lambda None --dd-lambda 0.5 --seed <0|1|2>",
      "legal_mean": true
    },
    "ppo-event-rd8-a4132cc": {
      "n": 4,
      "seeds": [
        0,
        1,
        2,
        3
      ],
      "mean_return": -0.05893136403963608,
      "mean_maxdd": 0.14662649592609067,
      "mean_sharpe": -0.7567072230625933,
      "mean_pf": 0.4460528987346224,
      "worst_maxdd": 0.23913294489832004,
      "timesteps": 1000000,
      "git": "a4132cc",
      "split": "val",
      "baseline": -0.046457194663900525,
      "buyhold": 0.08707583039006006,
      "random": -0.0036712015950653718,
      "reproduce": "python scripts/train_rl.py --action-mode discrete --reward-mode relative --eval-split val --timesteps 1000000 --n-envs 8 --gb-lambda None --turn-lambda None --realized-lambda None --dd-lambda 0.5 --seed <0|1|2>",
      "legal_mean": true
    },
    "ppo-event-rd8h-53409b4": {
      "n": 4,
      "seeds": [
        0,
        1,
        2,
        3
      ],
      "mean_return": -0.06099414459148789,
      "mean_maxdd": 0.14129292397486104,
      "mean_sharpe": -1.0959585983750861,
      "mean_pf": 0.5981137013587621,
      "worst_maxdd": 0.2068125243838825,
      "timesteps": 1000000,
      "git": "53409b4",
      "split": "val",
      "baseline": -0.00576669244277439,
      "buyhold": 0.17066161060014418,
      "random": 0.014343130091767195,
      "reproduce": "python scripts/train_rl.py --action-mode discrete --reward-mode relative --eval-split val --timesteps 1000000 --n-envs 8 --gb-lambda None --turn-lambda None --realized-lambda None --dd-lambda 0.5 --seed <0|1|2>",
      "legal_mean": true
    },
    "ppo-event-rd8h0-a12ba18": {
      "n": 4,
      "seeds": [
        0,
        1,
        2,
        3
      ],
      "mean_return": -0.08711959878808645,
      "mean_maxdd": 0.2152830952383203,
      "mean_sharpe": -1.3018836596777812,
      "mean_pf": 0.3565910929690639,
      "worst_maxdd": 0.26874140711832073,
      "timesteps": 1000000,
      "git": "a12ba18",
      "split": "val",
      "baseline": -0.00576669244277439,
      "buyhold": 0.17066161060014418,
      "random": 0.014343130091767195,
      "reproduce": "python scripts/train_rl.py --action-mode discrete --reward-mode relative --eval-split val --timesteps 1000000 --n-envs 8 --gb-lambda None --turn-lambda None --realized-lambda None --dd-lambda 0.0 --seed <0|1|2>",
      "legal_mean": true
    },
    "ppo-event-rd8h0c1-d4b155e": {
      "n": 4,
      "seeds": [
        0,
        1,
        2,
        3
      ],
      "mean_return": 0.04655645643369921,
      "mean_maxdd": 0.09706569408179791,
      "mean_sharpe": 1.1043518261408247,
      "mean_pf": 1.499503200214037,
      "worst_maxdd": 0.12714933624906416,
      "timesteps": 1000000,
      "git": "d4b155e",
      "split": "val",
      "baseline": -0.00576669244277439,
      "buyhold": 0.17066161060014418,
      "random": -0.09310605303695989,
      "reproduce": "python scripts/train_rl.py --action-mode discrete --reward-mode relative --eval-split val --timesteps 1000000 --n-envs 8 --gb-lambda None --turn-lambda None --realized-lambda None --dd-lambda 0.0 --seed <0|1|2>",
      "legal_mean": true
    },
    "ppo-event-rd8tp-a4132cc": {
      "n": 4,
      "seeds": [
        0,
        1,
        2,
        3
      ],
      "mean_return": -0.05047331261485233,
      "mean_maxdd": 0.17116122780991225,
      "mean_sharpe": -0.4219187638715741,
      "mean_pf": 0.5537207803865447,
      "worst_maxdd": 0.22223453038582885,
      "timesteps": 1000000,
      "git": "53409b4",
      "split": "val",
      "baseline": -0.046457194663900525,
      "buyhold": 0.08707583039006006,
      "random": 0.04090876668121305,
      "reproduce": "python scripts/train_rl.py --action-mode discrete --reward-mode relative --eval-split val --timesteps 1000000 --n-envs 8 --gb-lambda None --turn-lambda None --realized-lambda None --dd-lambda 0.5 --seed <0|1|2>",
      "legal_mean": true
    },
    "ppo-event-rd9-84ee6a0": {
      "n": 4,
      "seeds": [
        0,
        1,
        2,
        3
      ],
      "mean_return": -0.0073061361458786915,
      "mean_maxdd": 0.06524435574199516,
      "mean_sharpe": -0.12193291538199366,
      "mean_pf": 0.4980586380987842,
      "worst_maxdd": 0.07730407086286498,
      "timesteps": 5000000,
      "git": "84ee6a0",
      "split": "val",
      "baseline": -0.00576669244277439,
      "buyhold": 0.17066161060014418,
      "random": -0.029642234486692936,
      "reproduce": "python scripts/train_rl.py --action-mode discrete --reward-mode relative --eval-split val --timesteps 5000000 --n-envs 8 --gb-lambda None --turn-lambda None --realized-lambda None --dd-lambda 0.0 --seed <0|1|2>",
      "legal_mean": true
    },
    "ppo-event-rdL-a27e469": {
      "n": 4,
      "seeds": [
        0,
        1,
        2,
        3
      ],
      "mean_return": -0.04509023817837082,
      "mean_maxdd": 0.14863270268590645,
      "mean_sharpe": -0.5314567771562968,
      "mean_pf": 0.7649683574294489,
      "worst_maxdd": 0.24906893351442902,
      "timesteps": 1000000,
      "git": "a27e469",
      "split": "val",
      "baseline": -0.00576669244277439,
      "buyhold": 0.17066161060014418,
      "random": -0.029642234486692936,
      "reproduce": "python scripts/train_rl.py --action-mode discrete --reward-mode relative --eval-split val --timesteps 1000000 --n-envs 8 --gb-lambda None --turn-lambda None --realized-lambda None --dd-lambda 0.0 --seed <0|1|2>",
      "legal_mean": true
    },
    "ppo-event-rdL2m-c07bda0": {
      "n": 4,
      "seeds": [
        0,
        1,
        2,
        3
      ],
      "mean_return": 0.05168487196135679,
      "mean_maxdd": 0.10734956779659502,
      "mean_sharpe": 1.2890717274022998,
      "mean_pf": 1.5848636774709124,
      "worst_maxdd": 0.14907016688675762,
      "timesteps": 2000000,
      "git": "c07bda0",
      "split": "val",
      "baseline": -0.00576669244277439,
      "buyhold": 0.17066161060014418,
      "random": 0.0032632074043170054,
      "reproduce": "python scripts/train_rl.py --action-mode discrete --reward-mode relative --eval-split val --timesteps 2000000 --n-envs 8 --gb-lambda None --turn-lambda None --realized-lambda None --dd-lambda 0.0 --seed <0|1|2>",
      "legal_mean": true
    },
    "ppo-event-rdLc-51f1b93": {
      "n": 4,
      "seeds": [
        0,
        1,
        2,
        3
      ],
      "mean_return": -0.01011338209778046,
      "mean_maxdd": 0.08114441168504273,
      "mean_sharpe": -0.07893422316480644,
      "mean_pf": 0.9195774523214842,
      "worst_maxdd": 0.10495661113644014,
      "timesteps": 1000000,
      "git": "51f1b93",
      "split": "val",
      "baseline": -0.00576669244277439,
      "buyhold": 0.17066161060014418,
      "random": 0.0032632074043170054,
      "reproduce": "python scripts/train_rl.py --action-mode discrete --reward-mode relative --eval-split val --timesteps 1000000 --n-envs 8 --gb-lambda None --turn-lambda None --realized-lambda None --dd-lambda 0.0 --seed <0|1|2>",
      "legal_mean": true
    },
    "ppo-event-rdLe4-c07bda0": {
      "n": 12,
      "seeds": [
        0,
        1,
        2,
        3,
        4,
        5,
        6,
        7,
        8,
        9,
        10,
        11
      ],