{
  "total_return_pct": 1.3707066438892705,
  "annualized_return_pct": 1519.9060886686486,
  "step_returns_mean": 0.022941538248867566,
  "step_returns_std": 0.06754756957822661,
  "sharpe_ratio": 6.488723057176755,
  "sortino_ratio": 12.378149716696592,
  "calmar_ratio": 6527.243937852699,
  "max_drawdown_pct": 0.23285572019174997,
  "max_drawdown_duration": 16,
  "var_95": -0.04129511491624878,
  "cvar_95": -0.09498467386586971,
  "total_trades": 329,
  "win_rate": 0.4726027397260274,
  "profit_factor": 3.6101407538462404,
  "avg_win_pct": 0.6615409917339798,
  "avg_loss_pct": -0.26565783851571206,
  "max_consecutive_losses": 0,
  "total_fees_paid": 257.4408592993813,
  "fees_as_pct_of_pnl": 0.0,
  "episodes_evaluated": 1,
  "episodes_profitable": 1,
  "avg_episode_return": 1.3707066438892705
}