{
  "total_return_pct": 0.6528402175962764,
  "annualized_return_pct": 70.19095870879454,
  "step_returns_mean": 0.01306502365005671,
  "step_returns_std": 0.04643645605039493,
  "sharpe_ratio": 5.375236334803249,
  "sortino_ratio": 12.77905537374549,
  "calmar_ratio": 318.097336543234,
  "max_drawdown_pct": 0.22065874376613914,
  "max_drawdown_duration": 23,
  "var_95": -0.03945389696830816,
  "cvar_95": -0.05947263539733333,
  "total_trades": 339,
  "win_rate": 0.5975609756097561,
  "profit_factor": 2.1018630297537744,
  "avg_win_pct": 0.8229548008321291,
  "avg_loss_pct": -0.3615331024699755,
  "max_consecutive_losses": 0,
  "total_fees_paid": 586.1746792959804,
  "fees_as_pct_of_pnl": 0.0,
  "episodes_evaluated": 1,
  "episodes_profitable": 1,
  "avg_episode_return": 0.6528402175962764
}